label_id	type	type_color
2520.0	axocord_muscles	255-214-39-40
3913.0	infracerebral_gland	255-44-160-44
4040.0	infracerebral_gland	255-44-160-44
4428.0	infracerebral_gland	255-44-160-44
4611.0	forgut_epithelium	255-188-189-34
4738.0	forgut_epithelium	255-188-189-34
4751.0	axocord_muscles	255-214-39-40
4752.0	axocord_muscles	255-214-39-40
4769.0	axocord_muscles	255-214-39-40
4774.0	infracerebral_gland	255-44-160-44
4892.0	forgut_epithelium	255-188-189-34
4909.0	forgut_epithelium	255-188-189-34
4915.0	forgut_epithelium	255-188-189-34
4927.0	infracerebral_gland	255-44-160-44
4929.0	forgut_epithelium	255-188-189-34
4932.0	axocord_muscles	255-214-39-40
4933.0	infracerebral_gland	255-44-160-44
4935.0	infracerebral_gland	255-44-160-44
5065.0	axocord_muscles	255-214-39-40
5088.0	forgut_epithelium	255-188-189-34
5094.0	infracerebral_gland	255-44-160-44
5096.0	axocord_muscles	255-214-39-40
5120.0	infracerebral_gland	255-44-160-44
5134.0	infracerebral_gland	255-44-160-44
5141.0	infracerebral_gland	255-44-160-44
5300.0	infracerebral_gland	255-44-160-44
5316.0	forgut_epithelium	255-188-189-34
5325.0	forgut_epithelium	255-188-189-34
5330.0	forgut_epithelium	255-188-189-34
5332.0	forgut_epithelium	255-188-189-34
5334.0	axocord_muscles	255-214-39-40
5350.0	infracerebral_gland	255-44-160-44
5351.0	axocord_muscles	255-214-39-40
5353.0	axocord_muscles	255-214-39-40
5356.0	forgut_epithelium	255-188-189-34
5358.0	infracerebral_gland	255-44-160-44
5359.0	axocord_muscles	255-214-39-40
5368.0	infracerebral_gland	255-44-160-44
5496.0	forgut_epithelium	255-188-189-34
5514.0	forgut_epithelium	255-188-189-34
5522.0	forgut_epithelium	255-188-189-34
5524.0	axocord_muscles	255-214-39-40
5544.0	forgut_epithelium	255-188-189-34
5546.0	forgut_epithelium	255-188-189-34
5552.0	infracerebral_gland	255-44-160-44
5554.0	infracerebral_gland	255-44-160-44
5564.0	forgut_epithelium	255-188-189-34
5566.0	axocord_muscles	255-214-39-40
5567.0	forgut_epithelium	255-188-189-34
5568.0	infracerebral_gland	255-44-160-44
5569.0	infracerebral_gland	255-44-160-44
5571.0	infracerebral_gland	255-44-160-44
5572.0	infracerebral_gland	255-44-160-44
5574.0	forgut_epithelium	255-188-189-34
5576.0	infracerebral_gland	255-44-160-44
5578.0	infracerebral_gland	255-44-160-44
5579.0	infracerebral_gland	255-44-160-44
5595.0	infracerebral_gland	255-44-160-44
5719.0	forgut_epithelium	255-188-189-34
5726.0	infracerebral_gland	255-44-160-44
5729.0	infracerebral_gland	255-44-160-44
5750.0	forgut_epithelium	255-188-189-34
5751.0	infracerebral_gland	255-44-160-44
5752.0	infracerebral_gland	255-44-160-44
5753.0	axocord_muscles	255-214-39-40
5754.0	infracerebral_gland	255-44-160-44
5755.0	infracerebral_gland	255-44-160-44
5769.0	forgut_epithelium	255-188-189-34
5776.0	infracerebral_gland	255-44-160-44
5778.0	infracerebral_gland	255-44-160-44
5779.0	infracerebral_gland	255-44-160-44
5780.0	infracerebral_gland	255-44-160-44
5791.0	infracerebral_gland	255-44-160-44
5792.0	infracerebral_gland	255-44-160-44
5793.0	infracerebral_gland	255-44-160-44
5794.0	infracerebral_gland	255-44-160-44
5796.0	infracerebral_gland	255-44-160-44
5797.0	forgut_epithelium	255-188-189-34
5798.0	infracerebral_gland	255-44-160-44
5820.0	axocord_muscles	255-214-39-40
5822.0	infracerebral_gland	255-44-160-44
5823.0	infracerebral_gland	255-44-160-44
5932.0	forgut_epithelium	255-188-189-34
5940.0	forgut_epithelium	255-188-189-34
5948.0	infracerebral_gland	255-44-160-44
5949.0	axocord_muscles	255-214-39-40
5950.0	infracerebral_gland	255-44-160-44
5953.0	infracerebral_gland	255-44-160-44
5973.0	forgut_epithelium	255-188-189-34
5974.0	forgut_epithelium	255-188-189-34
5979.0	infracerebral_gland	255-44-160-44
5980.0	infracerebral_gland	255-44-160-44
5983.0	axocord_muscles	255-214-39-40
5996.0	forgut_epithelium	255-188-189-34
5998.0	forgut_epithelium	255-188-189-34
5999.0	forgut_epithelium	255-188-189-34
6006.0	forgut_epithelium	255-188-189-34
6007.0	infracerebral_gland	255-44-160-44
6020.0	axocord_muscles	255-214-39-40
6021.0	infracerebral_gland	255-44-160-44
6023.0	infracerebral_gland	255-44-160-44
6024.0	infracerebral_gland	255-44-160-44
6025.0	infracerebral_gland	255-44-160-44
6028.0	forgut_epithelium	255-188-189-34
6029.0	infracerebral_gland	255-44-160-44
6030.0	infracerebral_gland	255-44-160-44
6032.0	forgut_epithelium	255-188-189-34
6033.0	forgut_epithelium	255-188-189-34
6047.0	infracerebral_gland	255-44-160-44
6049.0	infracerebral_gland	255-44-160-44
6203.0	forgut_epithelium	255-188-189-34
6213.0	forgut_epithelium	255-188-189-34
6215.0	infracerebral_gland	255-44-160-44
6217.0	infracerebral_gland	255-44-160-44
6234.0	forgut_epithelium	255-188-189-34
6246.0	infracerebral_gland	255-44-160-44
6247.0	infracerebral_gland	255-44-160-44
6248.0	infracerebral_gland	255-44-160-44
6265.0	infracerebral_gland	255-44-160-44
6275.0	forgut_epithelium	255-188-189-34
6276.0	forgut_epithelium	255-188-189-34
6278.0	forgut_epithelium	255-188-189-34
6293.0	infracerebral_gland	255-44-160-44
6294.0	infracerebral_gland	255-44-160-44
6295.0	infracerebral_gland	255-44-160-44
6301.0	foregut_muscles	255-255-187-120
6302.0	axocord_muscles	255-214-39-40
6317.0	infracerebral_gland	255-44-160-44
6460.0	forgut_epithelium	255-188-189-34
6463.0	infracerebral_gland	255-44-160-44
6464.0	infracerebral_gland	255-44-160-44
6465.0	infracerebral_gland	255-44-160-44
6466.0	infracerebral_gland	255-44-160-44
6467.0	infracerebral_gland	255-44-160-44
6468.0	axocord_muscles	255-214-39-40
6485.0	forgut_epithelium	255-188-189-34
6487.0	infracerebral_gland	255-44-160-44
6500.0	infracerebral_gland	255-44-160-44
6517.0	infracerebral_gland	255-44-160-44
6518.0	forgut_epithelium	255-188-189-34
6523.0	forgut_epithelium	255-188-189-34
6528.0	axocord_muscles	255-214-39-40
6547.0	axocord_muscles	255-214-39-40
6549.0	infracerebral_gland	255-44-160-44
6550.0	infracerebral_gland	255-44-160-44
6551.0	infracerebral_gland	255-44-160-44
6552.0	infracerebral_gland	255-44-160-44
6553.0	infracerebral_gland	255-44-160-44
6554.0	infracerebral_gland	255-44-160-44
6557.0	infracerebral_gland	255-44-160-44
6558.0	forgut_epithelium	255-188-189-34
6561.0	forgut_epithelium	255-188-189-34
6566.0	axocord_muscles	255-214-39-40
6581.0	infracerebral_gland	255-44-160-44
6701.0	infracerebral_gland	255-44-160-44
6727.0	forgut_epithelium	255-188-189-34
6728.0	forgut_epithelium	255-188-189-34
6746.0	forgut_epithelium	255-188-189-34
6764.0	infracerebral_gland	255-44-160-44
6765.0	infracerebral_gland	255-44-160-44
6768.0	forgut_epithelium	255-188-189-34
6771.0	forgut_epithelium	255-188-189-34
6779.0	axocord_muscles	255-214-39-40
6780.0	axocord_muscles	255-214-39-40
6795.0	infracerebral_gland	255-44-160-44
6796.0	infracerebral_gland	255-44-160-44
6797.0	infracerebral_gland	255-44-160-44
6798.0	infracerebral_gland	255-44-160-44
6800.0	foregut_muscles	255-255-187-120
6806.0	axocord_muscles	255-214-39-40
6812.0	axocord_muscles	255-214-39-40
6813.0	axocord_muscles	255-214-39-40
6946.0	infracerebral_gland	255-44-160-44
6950.0	axocord_muscles	255-214-39-40
6951.0	infracerebral_gland	255-44-160-44
6962.0	axocord_muscles	255-214-39-40
6963.0	infracerebral_gland	255-44-160-44
6969.0	forgut_epithelium	255-188-189-34
6973.0	infracerebral_gland	255-44-160-44
6976.0	infracerebral_gland	255-44-160-44
6977.0	infracerebral_gland	255-44-160-44
6978.0	infracerebral_gland	255-44-160-44
6979.0	infracerebral_gland	255-44-160-44
6980.0	infracerebral_gland	255-44-160-44
6990.0	forgut_epithelium	255-188-189-34
6994.0	forgut_epithelium	255-188-189-34
6995.0	forgut_epithelium	255-188-189-34
6997.0	forgut_epithelium	255-188-189-34
7010.0	axocord_muscles	255-214-39-40
7012.0	infracerebral_gland	255-44-160-44
7013.0	axocord_muscles	255-214-39-40
7014.0	infracerebral_gland	255-44-160-44
7015.0	infracerebral_gland	255-44-160-44
7016.0	infracerebral_gland	255-44-160-44
7017.0	forgut_epithelium	255-188-189-34
7021.0	foregut_neurons	255-23-190-207
7023.0	foregut_neurons	255-23-190-207
7025.0	foregut_neurons	255-23-190-207
7037.0	infracerebral_gland	255-44-160-44
7040.0	foregut_muscles	255-255-187-120
7041.0	foregut_neurons	255-23-190-207
7045.0	foregut_neurons	255-23-190-207
7048.0	foregut_neurons	255-23-190-207
7053.0	axocord_muscles	255-214-39-40
7177.0	axocord_muscles	255-214-39-40
7189.0	infracerebral_gland	255-44-160-44
7190.0	infracerebral_gland	255-44-160-44
7193.0	infracerebral_gland	255-44-160-44
7199.0	infracerebral_gland	255-44-160-44
7200.0	infracerebral_gland	255-44-160-44
7214.0	infracerebral_gland	255-44-160-44
7215.0	infracerebral_gland	255-44-160-44
7219.0	forgut_epithelium	255-188-189-34
7220.0	forgut_epithelium	255-188-189-34
7224.0	foregut_neurons	255-23-190-207
7225.0	foregut_muscles	255-255-187-120
7228.0	axocord_muscles	255-214-39-40
7238.0	infracerebral_gland	255-44-160-44
7239.0	infracerebral_gland	255-44-160-44
7244.0	foregut_muscles	255-255-187-120
7249.0	foregut_neurons	255-23-190-207
7251.0	foregut_neurons	255-23-190-207
7252.0	foregut_neurons	255-23-190-207
7253.0	foregut_neurons	255-23-190-207
7254.0	forgut_epithelium	255-188-189-34
7268.0	infracerebral_gland	255-44-160-44
7269.0	infracerebral_gland	255-44-160-44
7273.0	foregut_neurons	255-23-190-207
7274.0	foregut_neurons	255-23-190-207
7276.0	foregut_neurons	255-23-190-207
7278.0	foregut_neurons	255-23-190-207
7280.0	forgut_epithelium	255-188-189-34
7296.0	axocord_muscles	255-214-39-40
7309.0	axocord_muscles	255-214-39-40
7401.0	infracerebral_gland	255-44-160-44
7402.0	infracerebral_gland	255-44-160-44
7417.0	infracerebral_gland	255-44-160-44
7422.0	infracerebral_gland	255-44-160-44
7423.0	infracerebral_gland	255-44-160-44
7425.0	infracerebral_gland	255-44-160-44
7427.0	axocord_muscles	255-214-39-40
7438.0	axocord_muscles	255-214-39-40
7439.0	infracerebral_gland	255-44-160-44
7440.0	infracerebral_gland	255-44-160-44
7444.0	foregut_neurons	255-23-190-207
7445.0	foregut_neurons	255-23-190-207
7446.0	forgut_epithelium	255-188-189-34
7447.0	foregut_neurons	255-23-190-207
7448.0	foregut_muscles	255-255-187-120
7449.0	foregut_neurons	255-23-190-207
7451.0	foregut_muscles	255-255-187-120
7462.0	infracerebral_gland	255-44-160-44
7465.0	forgut_epithelium	255-188-189-34
7466.0	forgut_epithelium	255-188-189-34
7468.0	foregut_neurons	255-23-190-207
7474.0	forgut_epithelium	255-188-189-34
7485.0	foregut_neurons	255-23-190-207
7486.0	forgut_epithelium	255-188-189-34
7487.0	foregut_neurons	255-23-190-207
7488.0	forgut_epithelium	255-188-189-34
7490.0	foregut_neurons	255-23-190-207
7503.0	foregut_muscles	255-255-187-120
7620.0	axocord_muscles	255-214-39-40
7621.0	infracerebral_gland	255-44-160-44
7624.0	infracerebral_gland	255-44-160-44
7625.0	infracerebral_gland	255-44-160-44
7626.0	infracerebral_gland	255-44-160-44
7627.0	infracerebral_gland	255-44-160-44
7628.0	infracerebral_gland	255-44-160-44
7636.0	forgut_epithelium	255-188-189-34
7639.0	foregut_muscles	255-255-187-120
7645.0	infracerebral_gland	255-44-160-44
7648.0	forgut_epithelium	255-188-189-34
7650.0	foregut_neurons	255-23-190-207
7652.0	foregut_neurons	255-23-190-207
7653.0	foregut_muscles	255-255-187-120
7663.0	foregut_neurons	255-23-190-207
7668.0	foregut_neurons	255-23-190-207
7669.0	foregut_neurons	255-23-190-207
7670.0	forgut_epithelium	255-188-189-34
7671.0	foregut_neurons	255-23-190-207
7673.0	foregut_neurons	255-23-190-207
7674.0	forgut_epithelium	255-188-189-34
7675.0	foregut_neurons	255-23-190-207
7677.0	axocord_muscles	255-214-39-40
7684.0	foregut_neurons	255-23-190-207
7685.0	forgut_epithelium	255-188-189-34
7689.0	foregut_neurons	255-23-190-207
7706.0	infracerebral_gland	255-44-160-44
7707.0	foregut_muscles	255-255-187-120
7822.0	infracerebral_gland	255-44-160-44
7823.0	infracerebral_gland	255-44-160-44
7825.0	infracerebral_gland	255-44-160-44
7835.0	infracerebral_gland	255-44-160-44
7837.0	foregut_neurons	255-23-190-207
7848.0	infracerebral_gland	255-44-160-44
7855.0	foregut_neurons	255-23-190-207
7858.0	foregut_muscles	255-255-187-120
7861.0	axocord_muscles	255-214-39-40
7875.0	infracerebral_gland	255-44-160-44
7897.0	foregut_neurons	255-23-190-207
7898.0	foregut_neurons	255-23-190-207
7900.0	foregut_neurons	255-23-190-207
7902.0	foregut_neurons	255-23-190-207
7917.0	foregut_muscles	255-255-187-120
8013.0	infracerebral_gland	255-44-160-44
8020.0	axocord_muscles	255-214-39-40
8030.0	infracerebral_gland	255-44-160-44
8033.0	forgut_epithelium	255-188-189-34
8037.0	foregut_muscles	255-255-187-120
8038.0	foregut_muscles	255-255-187-120
8039.0	foregut_muscles	255-255-187-120
8046.0	foregut_neurons	255-23-190-207
8047.0	foregut_neurons	255-23-190-207
8048.0	foregut_neurons	255-23-190-207
8050.0	foregut_neurons	255-23-190-207
8053.0	foregut_neurons	255-23-190-207
8054.0	foregut_neurons	255-23-190-207
8056.0	foregut_neurons	255-23-190-207
8057.0	foregut_muscles	255-255-187-120
8074.0	axocord_muscles	255-214-39-40
8075.0	foregut_muscles	255-255-187-120
8078.0	foregut_neurons	255-23-190-207
8079.0	foregut_neurons	255-23-190-207
8082.0	forgut_epithelium	255-188-189-34
8083.0	forgut_epithelium	255-188-189-34
8092.0	axocord_muscles	255-214-39-40
8093.0	foregut_neurons	255-23-190-207
8094.0	foregut_muscles	255-255-187-120
8096.0	foregut_neurons	255-23-190-207
8097.0	foregut_neurons	255-23-190-207
8098.0	forgut_epithelium	255-188-189-34
8167.0	axocord_muscles	255-214-39-40
8182.0	foregut_neurons	255-23-190-207
8186.0	axocord_muscles	255-214-39-40
8187.0	foregut_muscles	255-255-187-120
8205.0	foregut_neurons	255-23-190-207
8206.0	forgut_epithelium	255-188-189-34
8207.0	foregut_neurons	255-23-190-207
8209.0	foregut_neurons	255-23-190-207
8210.0	foregut_neurons	255-23-190-207
8212.0	foregut_neurons	255-23-190-207
8215.0	foregut_neurons	255-23-190-207
8216.0	foregut_neurons	255-23-190-207
8217.0	foregut_muscles	255-255-187-120
8227.0	axocord_muscles	255-214-39-40
8231.0	foregut_neurons	255-23-190-207
8233.0	forgut_epithelium	255-188-189-34
8234.0	forgut_epithelium	255-188-189-34
8241.0	foregut_neurons	255-23-190-207
8242.0	foregut_neurons	255-23-190-207
8243.0	foregut_neurons	255-23-190-207
8262.0	foregut_muscles	255-255-187-120
8263.0	foregut_neurons	255-23-190-207
8264.0	foregut_muscles	255-255-187-120
8268.0	forgut_epithelium	255-188-189-34
8271.0	forgut_epithelium	255-188-189-34
8272.0	foregut_neurons	255-23-190-207
8287.0	foregut_muscles	255-255-187-120
8288.0	foregut_neurons	255-23-190-207
8289.0	foregut_muscles	255-255-187-120
8382.0	foregut_neurons	255-23-190-207
8384.0	foregut_muscles	255-255-187-120
8385.0	foregut_neurons	255-23-190-207
8387.0	forgut_epithelium	255-188-189-34
8389.0	foregut_muscles	255-255-187-120
8390.0	forgut_epithelium	255-188-189-34
8391.0	forgut_epithelium	255-188-189-34
8407.0	forgut_epithelium	255-188-189-34
8413.0	foregut_neurons	255-23-190-207
8414.0	foregut_neurons	255-23-190-207
8415.0	foregut_neurons	255-23-190-207
8416.0	foregut_neurons	255-23-190-207
8417.0	foregut_neurons	255-23-190-207
8418.0	foregut_neurons	255-23-190-207
8424.0	foregut_muscles	255-255-187-120
8425.0	foregut_neurons	255-23-190-207
8430.0	forgut_epithelium	255-188-189-34
8447.0	foregut_neurons	255-23-190-207
8448.0	foregut_neurons	255-23-190-207
8450.0	foregut_neurons	255-23-190-207
8451.0	foregut_neurons	255-23-190-207
8453.0	foregut_neurons	255-23-190-207
8454.0	forgut_epithelium	255-188-189-34
8457.0	forgut_epithelium	255-188-189-34
8468.0	forgut_epithelium	255-188-189-34
8469.0	foregut_muscles	255-255-187-120
8470.0	foregut_muscles	255-255-187-120
8471.0	foregut_neurons	255-23-190-207
8472.0	foregut_neurons	255-23-190-207
8473.0	foregut_neurons	255-23-190-207
8474.0	foregut_neurons	255-23-190-207
8551.0	axocord_muscles	255-214-39-40
8561.0	axocord_muscles	255-214-39-40
8564.0	forgut_epithelium	255-188-189-34
8567.0	foregut_neurons	255-23-190-207
8568.0	foregut_neurons	255-23-190-207
8572.0	foregut_neurons	255-23-190-207
8590.0	forgut_epithelium	255-188-189-34
8591.0	forgut_epithelium	255-188-189-34
8592.0	foregut_neurons	255-23-190-207
8593.0	foregut_neurons	255-23-190-207
8597.0	axocord_muscles	255-214-39-40
8601.0	forgut_epithelium	255-188-189-34
8604.0	foregut_neurons	255-23-190-207
8605.0	foregut_neurons	255-23-190-207
8606.0	foregut_muscles	255-255-187-120
8618.0	foregut_neurons	255-23-190-207
8619.0	foregut_muscles	255-255-187-120
8620.0	foregut_neurons	255-23-190-207
8623.0	foregut_neurons	255-23-190-207
8647.0	forgut_epithelium	255-188-189-34
8648.0	foregut_neurons	255-23-190-207
8649.0	foregut_neurons	255-23-190-207
8650.0	foregut_neurons	255-23-190-207
8651.0	foregut_muscles	255-255-187-120
8652.0	foregut_muscles	255-255-187-120
8653.0	foregut_muscles	255-255-187-120
8667.0	foregut_muscles	255-255-187-120
8760.0	foregut_muscles	255-255-187-120
8761.0	foregut_neurons	255-23-190-207
8763.0	foregut_neurons	255-23-190-207
8764.0	foregut_muscles	255-255-187-120
8775.0	forgut_epithelium	255-188-189-34
8777.0	forgut_epithelium	255-188-189-34
8783.0	foregut_neurons	255-23-190-207
8784.0	foregut_neurons	255-23-190-207
8785.0	foregut_neurons	255-23-190-207
8786.0	forgut_epithelium	255-188-189-34
8787.0	foregut_neurons	255-23-190-207
8798.0	foregut_muscles	255-255-187-120
8799.0	forgut_epithelium	255-188-189-34
8801.0	foregut_neurons	255-23-190-207
8803.0	foregut_neurons	255-23-190-207
8804.0	forgut_epithelium	255-188-189-34
8810.0	foregut_neurons	255-23-190-207
8811.0	foregut_neurons	255-23-190-207
8812.0	foregut_neurons	255-23-190-207
8819.0	foregut_neurons	255-23-190-207
8820.0	foregut_neurons	255-23-190-207
8821.0	foregut_neurons	255-23-190-207
8822.0	foregut_neurons	255-23-190-207
8824.0	forgut_epithelium	255-188-189-34
8825.0	foregut_neurons	255-23-190-207
8827.0	foregut_neurons	255-23-190-207
8829.0	foregut_neurons	255-23-190-207
8831.0	foregut_neurons	255-23-190-207
8845.0	axocord_muscles	255-214-39-40
8848.0	forgut_epithelium	255-188-189-34
8850.0	foregut_neurons	255-23-190-207
8852.0	foregut_neurons	255-23-190-207
8853.0	foregut_neurons	255-23-190-207
8854.0	foregut_neurons	255-23-190-207
8855.0	foregut_muscles	255-255-187-120
8856.0	foregut_muscles	255-255-187-120
8958.0	foregut_neurons	255-23-190-207
8959.0	axocord_muscles	255-214-39-40
8960.0	foregut_neurons	255-23-190-207
8961.0	foregut_neurons	255-23-190-207
8962.0	foregut_muscles	255-255-187-120
8974.0	foregut_neurons	255-23-190-207
8975.0	forgut_epithelium	255-188-189-34
8979.0	foregut_muscles	255-255-187-120
8982.0	axocord_muscles	255-214-39-40
8985.0	forgut_epithelium	255-188-189-34
8988.0	foregut_muscles	255-255-187-120
8999.0	axocord_muscles	255-214-39-40
9001.0	foregut_muscles	255-255-187-120
9003.0	foregut_neurons	255-23-190-207
9006.0	foregut_muscles	255-255-187-120
9007.0	foregut_muscles	255-255-187-120
9020.0	foregut_muscles	255-255-187-120
9021.0	forgut_epithelium	255-188-189-34
9023.0	foregut_muscles	255-255-187-120
9024.0	foregut_muscles	255-255-187-120
9148.0	foregut_muscles	255-255-187-120
9149.0	foregut_neurons	255-23-190-207
9168.0	foregut_neurons	255-23-190-207
9169.0	foregut_neurons	255-23-190-207
9185.0	foregut_neurons	255-23-190-207
9186.0	foregut_neurons	255-23-190-207
9187.0	forgut_epithelium	255-188-189-34
9189.0	forgut_epithelium	255-188-189-34
9192.0	forgut_epithelium	255-188-189-34
9202.0	foregut_neurons	255-23-190-207
9205.0	forgut_epithelium	255-188-189-34
9206.0	foregut_muscles	255-255-187-120
9212.0	foregut_muscles	255-255-187-120
9213.0	foregut_muscles	255-255-187-120
9214.0	foregut_muscles	255-255-187-120
9226.0	foregut_muscles	255-255-187-120
9292.0	foregut_muscles	255-255-187-120
9305.0	axocord_muscles	255-214-39-40
9308.0	forgut_epithelium	255-188-189-34
9309.0	foregut_neurons	255-23-190-207
9310.0	foregut_neurons	255-23-190-207
9315.0	forgut_epithelium	255-188-189-34
9321.0	forgut_epithelium	255-188-189-34
9322.0	forgut_epithelium	255-188-189-34
9323.0	forgut_epithelium	255-188-189-34
9324.0	foregut_muscles	255-255-187-120
9325.0	foregut_muscles	255-255-187-120
9334.0	foregut_muscles	255-255-187-120
9343.0	forgut_epithelium	255-188-189-34
9344.0	forgut_epithelium	255-188-189-34
9345.0	foregut_muscles	255-255-187-120
9346.0	foregut_muscles	255-255-187-120
9359.0	foregut_neurons	255-23-190-207
9360.0	forgut_epithelium	255-188-189-34
9361.0	forgut_epithelium	255-188-189-34
9362.0	foregut_muscles	255-255-187-120
9363.0	forgut_epithelium	255-188-189-34
9374.0	axocord_muscles	255-214-39-40
9375.0	axocord_muscles	255-214-39-40
9378.0	foregut_muscles	255-255-187-120
9380.0	foregut_muscles	255-255-187-120
9382.0	axocord_muscles	255-214-39-40
9406.0	axocord_muscles	255-214-39-40
9407.0	foregut_muscles	255-255-187-120
9408.0	foregut_muscles	255-255-187-120
9409.0	foregut_muscles	255-255-187-120
9503.0	axocord_muscles	255-214-39-40
9505.0	foregut_neurons	255-23-190-207
9506.0	foregut_muscles	255-255-187-120
9540.0	foregut_neurons	255-23-190-207
9544.0	forgut_epithelium	255-188-189-34
9546.0	foregut_muscles	255-255-187-120
9547.0	foregut_muscles	255-255-187-120
9548.0	foregut_muscles	255-255-187-120
9558.0	foregut_muscles	255-255-187-120
9560.0	forgut_epithelium	255-188-189-34
9588.0	foregut_muscles	255-255-187-120
9592.0	foregut_neurons	255-23-190-207
9686.0	foregut_muscles	255-255-187-120
9687.0	foregut_muscles	255-255-187-120
9689.0	foregut_muscles	255-255-187-120
9701.0	foregut_muscles	255-255-187-120
9720.0	foregut_neurons	255-23-190-207
9721.0	forgut_epithelium	255-188-189-34
9722.0	forgut_epithelium	255-188-189-34
9739.0	foregut_neurons	255-23-190-207
9740.0	forgut_epithelium	255-188-189-34
9743.0	forgut_epithelium	255-188-189-34
9745.0	forgut_epithelium	255-188-189-34
9746.0	foregut_muscles	255-255-187-120
9747.0	foregut_muscles	255-255-187-120
9753.0	foregut_muscles	255-255-187-120
9755.0	forgut_epithelium	255-188-189-34
9756.0	forgut_epithelium	255-188-189-34
9760.0	forgut_epithelium	255-188-189-34
9764.0	foregut_muscles	255-255-187-120
9770.0	foregut_muscles	255-255-187-120
9771.0	forgut_epithelium	255-188-189-34
9774.0	foregut_muscles	255-255-187-120
9775.0	foregut_muscles	255-255-187-120
9798.0	foregut_muscles	255-255-187-120
9801.0	axocord_muscles	255-214-39-40
9899.0	foregut_muscles	255-255-187-120
9912.0	foregut_muscles	255-255-187-120
9928.0	foregut_muscles	255-255-187-120
9933.0	forgut_epithelium	255-188-189-34
9935.0	forgut_epithelium	255-188-189-34
9936.0	forgut_epithelium	255-188-189-34
9937.0	forgut_epithelium	255-188-189-34
9938.0	forgut_epithelium	255-188-189-34
9939.0	forgut_epithelium	255-188-189-34
9951.0	foregut_muscles	255-255-187-120
9952.0	forgut_epithelium	255-188-189-34
9963.0	forgut_epithelium	255-188-189-34
9967.0	forgut_epithelium	255-188-189-34
9969.0	foregut_muscles	255-255-187-120
9970.0	foregut_muscles	255-255-187-120
9973.0	axocord_muscles	255-214-39-40
9990.0	foregut_muscles	255-255-187-120
9992.0	foregut_muscles	255-255-187-120
9993.0	axocord_muscles	255-214-39-40
9994.0	foregut_muscles	255-255-187-120
10012.0	foregut_muscles	255-255-187-120
10014.0	foregut_muscles	255-255-187-120
10123.0	foregut_muscles	255-255-187-120
10128.0	foregut_muscles	255-255-187-120
10140.0	foregut_muscles	255-255-187-120
10154.0	foregut_muscles	255-255-187-120
10155.0	forgut_epithelium	255-188-189-34
10156.0	forgut_epithelium	255-188-189-34
10157.0	forgut_epithelium	255-188-189-34
10158.0	forgut_epithelium	255-188-189-34
10159.0	forgut_epithelium	255-188-189-34
10172.0	foregut_muscles	255-255-187-120
10173.0	forgut_epithelium	255-188-189-34
10175.0	forgut_epithelium	255-188-189-34
10179.0	forgut_epithelium	255-188-189-34
10180.0	forgut_epithelium	255-188-189-34
10182.0	forgut_epithelium	255-188-189-34
10195.0	foregut_muscles	255-255-187-120
10196.0	foregut_muscles	255-255-187-120
10197.0	foregut_muscles	255-255-187-120
10198.0	foregut_muscles	255-255-187-120
10200.0	forgut_epithelium	255-188-189-34
10201.0	forgut_epithelium	255-188-189-34
10203.0	forgut_epithelium	255-188-189-34
10229.0	forgut_epithelium	255-188-189-34
10231.0	forgut_epithelium	255-188-189-34
10233.0	forgut_epithelium	255-188-189-34
10386.0	foregut_muscles	255-255-187-120
10398.0	foregut_muscles	255-255-187-120
10400.0	forgut_epithelium	255-188-189-34
10401.0	forgut_epithelium	255-188-189-34
10402.0	forgut_epithelium	255-188-189-34
10405.0	forgut_epithelium	255-188-189-34
10407.0	forgut_epithelium	255-188-189-34
10408.0	forgut_epithelium	255-188-189-34
10409.0	forgut_epithelium	255-188-189-34
10411.0	foregut_muscles	255-255-187-120
10419.0	foregut_muscles	255-255-187-120
10422.0	forgut_epithelium	255-188-189-34
10427.0	forgut_epithelium	255-188-189-34
10439.0	foregut_muscles	255-255-187-120
10440.0	forgut_epithelium	255-188-189-34
10441.0	forgut_epithelium	255-188-189-34
10443.0	forgut_epithelium	255-188-189-34
10444.0	forgut_epithelium	255-188-189-34
10447.0	forgut_epithelium	255-188-189-34
10448.0	forgut_epithelium	255-188-189-34
10451.0	foregut_muscles	255-255-187-120
10471.0	forgut_epithelium	255-188-189-34
10472.0	foregut_muscles	255-255-187-120
10473.0	forgut_epithelium	255-188-189-34
10500.0	forgut_epithelium	255-188-189-34
10502.0	foregut_muscles	255-255-187-120
10526.0	foregut_muscles	255-255-187-120
10620.0	foregut_muscles	255-255-187-120
10631.0	foregut_muscles	255-255-187-120
10632.0	foregut_muscles	255-255-187-120
10650.0	forgut_epithelium	255-188-189-34
10651.0	forgut_epithelium	255-188-189-34
10652.0	foregut_muscles	255-255-187-120
10653.0	forgut_epithelium	255-188-189-34
10654.0	forgut_epithelium	255-188-189-34
10655.0	forgut_epithelium	255-188-189-34
10656.0	forgut_epithelium	255-188-189-34
10657.0	forgut_epithelium	255-188-189-34
10669.0	forgut_epithelium	255-188-189-34
10673.0	forgut_epithelium	255-188-189-34
10676.0	forgut_epithelium	255-188-189-34
10677.0	forgut_epithelium	255-188-189-34
10678.0	forgut_epithelium	255-188-189-34
10679.0	forgut_epithelium	255-188-189-34
10695.0	foregut_muscles	255-255-187-120
10697.0	foregut_muscles	255-255-187-120
10698.0	forgut_epithelium	255-188-189-34
10699.0	forgut_epithelium	255-188-189-34
10700.0	forgut_epithelium	255-188-189-34
10714.0	forgut_epithelium	255-188-189-34
10715.0	forgut_epithelium	255-188-189-34
10718.0	foregut_muscles	255-255-187-120
10736.0	forgut_epithelium	255-188-189-34
10738.0	foregut_muscles	255-255-187-120
10816.0	foregut_muscles	255-255-187-120
10817.0	foregut_muscles	255-255-187-120
10828.0	foregut_muscles	255-255-187-120
10829.0	foregut_muscles	255-255-187-120
10830.0	forgut_epithelium	255-188-189-34
10849.0	forgut_epithelium	255-188-189-34
10850.0	foregut_muscles	255-255-187-120
10851.0	axocord_muscles	255-214-39-40
10859.0	foregut_muscles	255-255-187-120
10865.0	forgut_epithelium	255-188-189-34
10876.0	forgut_epithelium	255-188-189-34
10877.0	forgut_epithelium	255-188-189-34
10878.0	forgut_epithelium	255-188-189-34
10879.0	forgut_epithelium	255-188-189-34
10885.0	forgut_epithelium	255-188-189-34
10886.0	foregut_muscles	255-255-187-120
10902.0	forgut_epithelium	255-188-189-34
10904.0	forgut_epithelium	255-188-189-34
10905.0	forgut_epithelium	255-188-189-34
10906.0	forgut_epithelium	255-188-189-34
10908.0	forgut_epithelium	255-188-189-34
10910.0	foregut_muscles	255-255-187-120
10915.0	foregut_muscles	255-255-187-120
11024.0	foregut_muscles	255-255-187-120
11041.0	foregut_muscles	255-255-187-120
11046.0	forgut_epithelium	255-188-189-34
11059.0	foregut_muscles	255-255-187-120
11069.0	foregut_muscles	255-255-187-120
11073.0	forgut_epithelium	255-188-189-34
11089.0	forgut_epithelium	255-188-189-34
11092.0	forgut_epithelium	255-188-189-34
11111.0	forgut_epithelium	255-188-189-34
11112.0	forgut_epithelium	255-188-189-34
11114.0	forgut_epithelium	255-188-189-34
11138.0	foregut_muscles	255-255-187-120
11156.0	foregut_muscles	255-255-187-120
11244.0	foregut_muscles	255-255-187-120
11245.0	foregut_muscles	255-255-187-120
11258.0	foregut_muscles	255-255-187-120
11260.0	foregut_muscles	255-255-187-120
11288.0	forgut_epithelium	255-188-189-34
11294.0	foregut_muscles	255-255-187-120
11304.0	foregut_muscles	255-255-187-120
11306.0	forgut_epithelium	255-188-189-34
11307.0	foregut_neurons	255-23-190-207
11321.0	foregut_muscles	255-255-187-120
11324.0	foregut_neurons	255-23-190-207
11326.0	forgut_epithelium	255-188-189-34
11327.0	forgut_epithelium	255-188-189-34
11328.0	foregut_muscles	255-255-187-120
11345.0	forgut_epithelium	255-188-189-34
11480.0	foregut_muscles	255-255-187-120
11481.0	foregut_muscles	255-255-187-120
11490.0	foregut_muscles	255-255-187-120
11503.0	forgut_epithelium	255-188-189-34
11508.0	forgut_epithelium	255-188-189-34
11510.0	foregut_muscles	255-255-187-120
11520.0	forgut_epithelium	255-188-189-34
11521.0	forgut_epithelium	255-188-189-34
11526.0	forgut_epithelium	255-188-189-34
11527.0	forgut_epithelium	255-188-189-34
11532.0	forgut_epithelium	255-188-189-34
11533.0	forgut_epithelium	255-188-189-34
11536.0	foregut_muscles	255-255-187-120
11544.0	foregut_muscles	255-255-187-120
11546.0	foregut_muscles	255-255-187-120
11547.0	foregut_muscles	255-255-187-120
11549.0	foregut_muscles	255-255-187-120
11641.0	foregut_muscles	255-255-187-120
11655.0	forgut_epithelium	255-188-189-34
11673.0	forgut_epithelium	255-188-189-34
11676.0	foregut_muscles	255-255-187-120
11677.0	foregut_muscles	255-255-187-120
11685.0	forgut_epithelium	255-188-189-34
11686.0	forgut_epithelium	255-188-189-34
11687.0	forgut_epithelium	255-188-189-34
11695.0	foregut_neurons	255-23-190-207
11697.0	foregut_neurons	255-23-190-207
11698.0	forgut_epithelium	255-188-189-34
11700.0	foregut_neurons	255-23-190-207
11701.0	foregut_muscles	255-255-187-120
11702.0	foregut_muscles	255-255-187-120
11703.0	foregut_muscles	255-255-187-120
11711.0	foregut_muscles	255-255-187-120
11717.0	foregut_muscles	255-255-187-120
11719.0	foregut_neurons	255-23-190-207
11723.0	forgut_epithelium	255-188-189-34
11726.0	foregut_muscles	255-255-187-120
11738.0	forgut_epithelium	255-188-189-34
11753.0	foregut_muscles	255-255-187-120
11754.0	foregut_muscles	255-255-187-120
11767.0	foregut_muscles	255-255-187-120
11771.0	foregut_muscles	255-255-187-120
11866.0	foregut_muscles	255-255-187-120
11880.0	axocord_muscles	255-214-39-40
11882.0	foregut_muscles	255-255-187-120
11884.0	foregut_muscles	255-255-187-120
11888.0	foregut_muscles	255-255-187-120
11889.0	axocord_muscles	255-214-39-40
11891.0	foregut_muscles	255-255-187-120
11893.0	foregut_muscles	255-255-187-120
11912.0	foregut_muscles	255-255-187-120
11914.0	foregut_neurons	255-23-190-207
11915.0	forgut_epithelium	255-188-189-34
11916.0	forgut_epithelium	255-188-189-34
11918.0	foregut_muscles	255-255-187-120
11929.0	foregut_muscles	255-255-187-120
11932.0	forgut_epithelium	255-188-189-34
11937.0	foregut_neurons	255-23-190-207
11938.0	foregut_neurons	255-23-190-207
11940.0	foregut_neurons	255-23-190-207
11942.0	foregut_muscles	255-255-187-120
11951.0	forgut_epithelium	255-188-189-34
11952.0	forgut_epithelium	255-188-189-34
11953.0	foregut_neurons	255-23-190-207
11955.0	foregut_neurons	255-23-190-207
11957.0	forgut_epithelium	255-188-189-34
11958.0	foregut_neurons	255-23-190-207
11960.0	forgut_epithelium	255-188-189-34
11962.0	foregut_muscles	255-255-187-120
11971.0	foregut_muscles	255-255-187-120
11973.0	foregut_neurons	255-23-190-207
11974.0	foregut_neurons	255-23-190-207
11975.0	foregut_neurons	255-23-190-207
11977.0	foregut_muscles	255-255-187-120
11978.0	foregut_muscles	255-255-187-120
11989.0	axocord_muscles	255-214-39-40
11991.0	foregut_muscles	255-255-187-120
12003.0	foregut_muscles	255-255-187-120
12086.0	foregut_muscles	255-255-187-120
12087.0	foregut_muscles	255-255-187-120
12090.0	foregut_muscles	255-255-187-120
12095.0	foregut_muscles	255-255-187-120
12098.0	foregut_neurons	255-23-190-207
12100.0	foregut_muscles	255-255-187-120
12101.0	foregut_muscles	255-255-187-120
12112.0	foregut_neurons	255-23-190-207
12113.0	foregut_neurons	255-23-190-207
12114.0	foregut_neurons	255-23-190-207
12115.0	foregut_neurons	255-23-190-207
12116.0	foregut_neurons	255-23-190-207
12120.0	foregut_neurons	255-23-190-207
12122.0	foregut_neurons	255-23-190-207
12125.0	forgut_epithelium	255-188-189-34
12138.0	foregut_muscles	255-255-187-120
12139.0	foregut_neurons	255-23-190-207
12143.0	foregut_neurons	255-23-190-207
12145.0	foregut_neurons	255-23-190-207
12146.0	foregut_neurons	255-23-190-207
12148.0	foregut_neurons	255-23-190-207
12151.0	foregut_neurons	255-23-190-207
12152.0	foregut_neurons	255-23-190-207
12166.0	foregut_neurons	255-23-190-207
12167.0	foregut_neurons	255-23-190-207
12168.0	forgut_epithelium	255-188-189-34
12169.0	forgut_epithelium	255-188-189-34
12174.0	foregut_muscles	255-255-187-120
12182.0	foregut_muscles	255-255-187-120
12184.0	foregut_neurons	255-23-190-207
12196.0	foregut_muscles	255-255-187-120
12197.0	foregut_muscles	255-255-187-120
12289.0	foregut_muscles	255-255-187-120
12290.0	foregut_muscles	255-255-187-120
12294.0	foregut_neurons	255-23-190-207
12296.0	foregut_neurons	255-23-190-207
12298.0	foregut_neurons	255-23-190-207
12301.0	foregut_muscles	255-255-187-120
12309.0	foregut_muscles	255-255-187-120
12312.0	foregut_neurons	255-23-190-207
12314.0	foregut_neurons	255-23-190-207
12315.0	foregut_neurons	255-23-190-207
12326.0	foregut_muscles	255-255-187-120
12327.0	forgut_epithelium	255-188-189-34
12329.0	foregut_neurons	255-23-190-207
12332.0	foregut_neurons	255-23-190-207
12334.0	foregut_neurons	255-23-190-207
12336.0	forgut_epithelium	255-188-189-34
12337.0	foregut_neurons	255-23-190-207
12339.0	forgut_epithelium	255-188-189-34
12341.0	foregut_neurons	255-23-190-207
12342.0	foregut_neurons	255-23-190-207
12344.0	foregut_neurons	255-23-190-207
12349.0	foregut_neurons	255-23-190-207
12363.0	foregut_neurons	255-23-190-207
12364.0	foregut_neurons	255-23-190-207
12366.0	forgut_epithelium	255-188-189-34
12367.0	forgut_epithelium	255-188-189-34
12369.0	foregut_neurons	255-23-190-207
12371.0	foregut_neurons	255-23-190-207
12372.0	foregut_neurons	255-23-190-207
12373.0	foregut_neurons	255-23-190-207
12374.0	foregut_muscles	255-255-187-120
12382.0	foregut_muscles	255-255-187-120
12384.0	foregut_neurons	255-23-190-207
12386.0	foregut_neurons	255-23-190-207
12388.0	foregut_neurons	255-23-190-207
12389.0	foregut_neurons	255-23-190-207
12390.0	foregut_muscles	255-255-187-120
12407.0	foregut_muscles	255-255-187-120
12410.0	foregut_neurons	255-23-190-207
12420.0	foregut_muscles	255-255-187-120
12483.0	foregut_muscles	255-255-187-120
12498.0	foregut_neurons	255-23-190-207
12512.0	foregut_muscles	255-255-187-120
12514.0	forgut_epithelium	255-188-189-34
12515.0	foregut_neurons	255-23-190-207
12516.0	foregut_neurons	255-23-190-207
12517.0	foregut_neurons	255-23-190-207
12519.0	foregut_muscles	255-255-187-120
12540.0	foregut_muscles	255-255-187-120
12548.0	foregut_neurons	255-23-190-207
12550.0	foregut_neurons	255-23-190-207
12552.0	foregut_muscles	255-255-187-120
12564.0	foregut_neurons	255-23-190-207
12566.0	foregut_neurons	255-23-190-207
12567.0	foregut_neurons	255-23-190-207
12568.0	foregut_neurons	255-23-190-207
12569.0	forgut_epithelium	255-188-189-34
12570.0	forgut_epithelium	255-188-189-34
12584.0	foregut_muscles	255-255-187-120
12588.0	foregut_neurons	255-23-190-207
12589.0	foregut_neurons	255-23-190-207
12590.0	foregut_neurons	255-23-190-207
12593.0	foregut_muscles	255-255-187-120
12595.0	forgut_epithelium	255-188-189-34
12604.0	foregut_neurons	255-23-190-207
12605.0	forgut_epithelium	255-188-189-34
12615.0	foregut_muscles	255-255-187-120
12680.0	foregut_muscles	255-255-187-120
12697.0	foregut_muscles	255-255-187-120
12698.0	foregut_muscles	255-255-187-120
12705.0	foregut_neurons	255-23-190-207
12706.0	foregut_neurons	255-23-190-207
12707.0	foregut_neurons	255-23-190-207
12710.0	foregut_neurons	255-23-190-207
12713.0	foregut_muscles	255-255-187-120
12714.0	foregut_muscles	255-255-187-120
12723.0	foregut_muscles	255-255-187-120
12725.0	foregut_muscles	255-255-187-120
12728.0	foregut_muscles	255-255-187-120
12730.0	foregut_neurons	255-23-190-207
12732.0	foregut_neurons	255-23-190-207
12733.0	foregut_neurons	255-23-190-207
12734.0	foregut_neurons	255-23-190-207
12744.0	foregut_neurons	255-23-190-207
12745.0	foregut_neurons	255-23-190-207
12748.0	foregut_neurons	255-23-190-207
12750.0	forgut_epithelium	255-188-189-34
12753.0	foregut_neurons	255-23-190-207
12754.0	foregut_neurons	255-23-190-207
12757.0	foregut_neurons	255-23-190-207
12758.0	foregut_neurons	255-23-190-207
12760.0	foregut_neurons	255-23-190-207
12766.0	foregut_muscles	255-255-187-120
12768.0	foregut_neurons	255-23-190-207
12769.0	foregut_neurons	255-23-190-207
12770.0	foregut_neurons	255-23-190-207
12773.0	foregut_neurons	255-23-190-207
12787.0	foregut_neurons	255-23-190-207
12788.0	foregut_neurons	255-23-190-207
12789.0	foregut_neurons	255-23-190-207
12790.0	foregut_neurons	255-23-190-207
12793.0	foregut_neurons	255-23-190-207
12794.0	foregut_neurons	255-23-190-207
12795.0	forgut_epithelium	255-188-189-34
12796.0	foregut_neurons	255-23-190-207
12800.0	forgut_epithelium	255-188-189-34
12815.0	foregut_neurons	255-23-190-207
12816.0	foregut_neurons	255-23-190-207
12912.0	foregut_muscles	255-255-187-120
12914.0	foregut_muscles	255-255-187-120
12917.0	foregut_muscles	255-255-187-120
12920.0	foregut_neurons	255-23-190-207
12921.0	foregut_neurons	255-23-190-207
12923.0	foregut_neurons	255-23-190-207
12925.0	foregut_neurons	255-23-190-207
12927.0	foregut_muscles	255-255-187-120
12950.0	foregut_muscles	255-255-187-120
12951.0	foregut_muscles	255-255-187-120
12955.0	foregut_neurons	255-23-190-207
12957.0	foregut_muscles	255-255-187-120
12967.0	foregut_muscles	255-255-187-120
12970.0	foregut_muscles	255-255-187-120
12973.0	foregut_neurons	255-23-190-207
12974.0	foregut_neurons	255-23-190-207
12976.0	foregut_neurons	255-23-190-207
12986.0	foregut_neurons	255-23-190-207
12987.0	foregut_neurons	255-23-190-207
12988.0	foregut_neurons	255-23-190-207
12989.0	foregut_neurons	255-23-190-207
12992.0	foregut_neurons	255-23-190-207
12994.0	foregut_neurons	255-23-190-207
12995.0	foregut_neurons	255-23-190-207
12998.0	foregut_neurons	255-23-190-207
12999.0	foregut_neurons	255-23-190-207
13003.0	foregut_neurons	255-23-190-207
13012.0	foregut_muscles	255-255-187-120
13014.0	foregut_muscles	255-255-187-120
13015.0	foregut_neurons	255-23-190-207
13017.0	foregut_neurons	255-23-190-207
13019.0	foregut_muscles	255-255-187-120
13021.0	foregut_neurons	255-23-190-207
13023.0	foregut_muscles	255-255-187-120
13038.0	foregut_muscles	255-255-187-120
13041.0	foregut_muscles	255-255-187-120
13043.0	foregut_muscles	255-255-187-120
13045.0	foregut_neurons	255-23-190-207
13120.0	foregut_muscles	255-255-187-120
13121.0	foregut_muscles	255-255-187-120
13140.0	foregut_muscles	255-255-187-120
13145.0	foregut_muscles	255-255-187-120
13146.0	foregut_neurons	255-23-190-207
13147.0	foregut_neurons	255-23-190-207
13149.0	foregut_neurons	255-23-190-207
13150.0	foregut_muscles	255-255-187-120
13165.0	foregut_muscles	255-255-187-120
13166.0	foregut_muscles	255-255-187-120
13167.0	foregut_muscles	255-255-187-120
13170.0	foregut_neurons	255-23-190-207
13171.0	foregut_neurons	255-23-190-207
13172.0	foregut_neurons	255-23-190-207
13185.0	foregut_neurons	255-23-190-207
13186.0	foregut_neurons	255-23-190-207
13188.0	foregut_neurons	255-23-190-207
13192.0	foregut_muscles	255-255-187-120
13194.0	foregut_neurons	255-23-190-207
13196.0	forgut_epithelium	255-188-189-34
13197.0	foregut_neurons	255-23-190-207
13198.0	forgut_epithelium	255-188-189-34
13201.0	forgut_epithelium	255-188-189-34
13202.0	forgut_epithelium	255-188-189-34
13213.0	foregut_neurons	255-23-190-207
13214.0	foregut_neurons	255-23-190-207
13216.0	foregut_neurons	255-23-190-207
13217.0	foregut_neurons	255-23-190-207
13220.0	foregut_neurons	255-23-190-207
13222.0	foregut_neurons	255-23-190-207
13237.0	foregut_muscles	255-255-187-120
13238.0	forgut_epithelium	255-188-189-34
13241.0	foregut_neurons	255-23-190-207
13251.0	foregut_muscles	255-255-187-120
13347.0	foregut_muscles	255-255-187-120
13350.0	foregut_muscles	255-255-187-120
13352.0	foregut_neurons	255-23-190-207
13353.0	foregut_muscles	255-255-187-120
13357.0	foregut_muscles	255-255-187-120
13374.0	foregut_neurons	255-23-190-207
13375.0	foregut_neurons	255-23-190-207
13377.0	foregut_neurons	255-23-190-207
13378.0	foregut_neurons	255-23-190-207
13379.0	foregut_neurons	255-23-190-207
13380.0	foregut_muscles	255-255-187-120
13396.0	forgut_epithelium	255-188-189-34
13398.0	forgut_epithelium	255-188-189-34
13399.0	foregut_neurons	255-23-190-207
13412.0	foregut_neurons	255-23-190-207
13413.0	foregut_neurons	255-23-190-207
13414.0	foregut_neurons	255-23-190-207
13416.0	foregut_neurons	255-23-190-207
13418.0	foregut_neurons	255-23-190-207
13419.0	foregut_neurons	255-23-190-207
13422.0	foregut_muscles	255-255-187-120
13436.0	foregut_muscles	255-255-187-120
13437.0	foregut_neurons	255-23-190-207
13439.0	foregut_muscles	255-255-187-120
13448.0	foregut_muscles	255-255-187-120
13452.0	foregut_muscles	255-255-187-120
13542.0	foregut_muscles	255-255-187-120
13568.0	foregut_muscles	255-255-187-120
13573.0	foregut_muscles	255-255-187-120
13575.0	foregut_neurons	255-23-190-207
13597.0	foregut_muscles	255-255-187-120
13599.0	foregut_muscles	255-255-187-120
13600.0	foregut_muscles	255-255-187-120
13604.0	foregut_neurons	255-23-190-207
13606.0	foregut_neurons	255-23-190-207
13607.0	foregut_neurons	255-23-190-207
13608.0	foregut_neurons	255-23-190-207
13617.0	foregut_neurons	255-23-190-207
13618.0	foregut_muscles	255-255-187-120
13622.0	foregut_neurons	255-23-190-207
13623.0	foregut_neurons	255-23-190-207
13624.0	foregut_muscles	255-255-187-120
13625.0	foregut_neurons	255-23-190-207
13626.0	foregut_neurons	255-23-190-207
13627.0	foregut_neurons	255-23-190-207
13644.0	foregut_neurons	255-23-190-207
13645.0	foregut_neurons	255-23-190-207
13647.0	foregut_neurons	255-23-190-207
13650.0	foregut_neurons	255-23-190-207
13652.0	forgut_epithelium	255-188-189-34
13654.0	foregut_neurons	255-23-190-207
13668.0	foregut_neurons	255-23-190-207
13669.0	foregut_neurons	255-23-190-207
13670.0	foregut_neurons	255-23-190-207
13673.0	foregut_neurons	255-23-190-207
13680.0	foregut_muscles	255-255-187-120
13682.0	foregut_neurons	255-23-190-207
13683.0	foregut_neurons	255-23-190-207
13684.0	foregut_neurons	255-23-190-207
13685.0	foregut_neurons	255-23-190-207
13785.0	foregut_muscles	255-255-187-120
13786.0	foregut_muscles	255-255-187-120
13789.0	foregut_muscles	255-255-187-120
13816.0	foregut_muscles	255-255-187-120
13817.0	foregut_muscles	255-255-187-120
13818.0	foregut_muscles	255-255-187-120
13820.0	foregut_muscles	255-255-187-120
13822.0	foregut_neurons	255-23-190-207
13823.0	foregut_neurons	255-23-190-207
13824.0	foregut_muscles	255-255-187-120
13846.0	foregut_neurons	255-23-190-207
13847.0	foregut_neurons	255-23-190-207
13848.0	foregut_neurons	255-23-190-207
13849.0	forgut_epithelium	255-188-189-34
13851.0	foregut_neurons	255-23-190-207
13863.0	foregut_neurons	255-23-190-207
13880.0	foregut_muscles	255-255-187-120
13970.0	foregut_muscles	255-255-187-120
13975.0	foregut_neurons	255-23-190-207
13996.0	foregut_muscles	255-255-187-120
13998.0	foregut_neurons	255-23-190-207
14000.0	foregut_neurons	255-23-190-207
14017.0	foregut_muscles	255-255-187-120
14018.0	foregut_muscles	255-255-187-120
14024.0	foregut_neurons	255-23-190-207
14026.0	foregut_neurons	255-23-190-207
14027.0	foregut_neurons	255-23-190-207
14028.0	foregut_neurons	255-23-190-207
14029.0	foregut_neurons	255-23-190-207
14030.0	foregut_neurons	255-23-190-207
14042.0	foregut_neurons	255-23-190-207
14044.0	foregut_muscles	255-255-187-120
14046.0	foregut_neurons	255-23-190-207
14047.0	foregut_muscles	255-255-187-120
14049.0	foregut_neurons	255-23-190-207
14050.0	forgut_epithelium	255-188-189-34
14051.0	forgut_epithelium	255-188-189-34
14053.0	foregut_muscles	255-255-187-120
14054.0	forgut_epithelium	255-188-189-34
14075.0	forgut_epithelium	255-188-189-34
14183.0	foregut_muscles	255-255-187-120
14184.0	foregut_muscles	255-255-187-120
14185.0	foregut_muscles	255-255-187-120
14202.0	foregut_muscles	255-255-187-120
14203.0	foregut_muscles	255-255-187-120
14205.0	foregut_muscles	255-255-187-120
14206.0	foregut_neurons	255-23-190-207
14218.0	foregut_neurons	255-23-190-207
14223.0	foregut_neurons	255-23-190-207
14226.0	foregut_neurons	255-23-190-207
14227.0	foregut_neurons	255-23-190-207
14241.0	foregut_neurons	255-23-190-207
14242.0	foregut_neurons	255-23-190-207
14243.0	forgut_epithelium	255-188-189-34
14245.0	foregut_neurons	255-23-190-207
14252.0	foregut_neurons	255-23-190-207
14261.0	foregut_muscles	255-255-187-120
14263.0	foregut_neurons	255-23-190-207
14264.0	foregut_neurons	255-23-190-207
14275.0	foregut_neurons	255-23-190-207
14276.0	foregut_neurons	255-23-190-207
14399.0	foregut_neurons	255-23-190-207
14400.0	foregut_neurons	255-23-190-207
14404.0	foregut_neurons	255-23-190-207
14417.0	foregut_neurons	255-23-190-207
14420.0	foregut_neurons	255-23-190-207
14426.0	foregut_neurons	255-23-190-207
14429.0	foregut_muscles	255-255-187-120
14443.0	foregut_neurons	255-23-190-207
14444.0	foregut_muscles	255-255-187-120
14445.0	foregut_neurons	255-23-190-207
14446.0	foregut_neurons	255-23-190-207
14453.0	foregut_neurons	255-23-190-207
14454.0	foregut_neurons	255-23-190-207
14455.0	foregut_neurons	255-23-190-207
14456.0	foregut_neurons	255-23-190-207
14458.0	foregut_neurons	255-23-190-207
14465.0	foregut_neurons	255-23-190-207
14467.0	forgut_epithelium	255-188-189-34
14470.0	foregut_muscles	255-255-187-120
14491.0	foregut_neurons	255-23-190-207
14493.0	foregut_muscles	255-255-187-120
14494.0	forgut_epithelium	255-188-189-34
14505.0	foregut_muscles	255-255-187-120
14506.0	foregut_neurons	255-23-190-207
14580.0	foregut_muscles	255-255-187-120
14591.0	foregut_muscles	255-255-187-120
14613.0	foregut_muscles	255-255-187-120
14616.0	foregut_neurons	255-23-190-207
14617.0	foregut_muscles	255-255-187-120
14622.0	foregut_neurons	255-23-190-207
14624.0	foregut_neurons	255-23-190-207
14640.0	foregut_muscles	255-255-187-120
14644.0	foregut_neurons	255-23-190-207
14654.0	foregut_muscles	255-255-187-120
14655.0	foregut_neurons	255-23-190-207
14657.0	foregut_muscles	255-255-187-120
14661.0	foregut_muscles	255-255-187-120
14674.0	foregut_muscles	255-255-187-120
14677.0	foregut_neurons	255-23-190-207
14678.0	foregut_neurons	255-23-190-207
14679.0	foregut_neurons	255-23-190-207
14680.0	foregut_muscles	255-255-187-120
14681.0	foregut_neurons	255-23-190-207
14809.0	foregut_muscles	255-255-187-120
14813.0	foregut_muscles	255-255-187-120
14814.0	foregut_muscles	255-255-187-120
14820.0	foregut_neurons	255-23-190-207
14821.0	foregut_neurons	255-23-190-207
14822.0	foregut_neurons	255-23-190-207
14823.0	foregut_muscles	255-255-187-120
14846.0	foregut_muscles	255-255-187-120
14849.0	foregut_muscles	255-255-187-120
14853.0	foregut_neurons	255-23-190-207
14854.0	foregut_neurons	255-23-190-207
14859.0	foregut_muscles	255-255-187-120
14868.0	foregut_muscles	255-255-187-120
14870.0	foregut_neurons	255-23-190-207
14871.0	foregut_neurons	255-23-190-207
14872.0	foregut_neurons	255-23-190-207
14873.0	foregut_neurons	255-23-190-207
14874.0	foregut_muscles	255-255-187-120
14875.0	foregut_neurons	255-23-190-207
14876.0	foregut_muscles	255-255-187-120
14878.0	foregut_neurons	255-23-190-207
14879.0	foregut_muscles	255-255-187-120
14880.0	foregut_muscles	255-255-187-120
14906.0	foregut_muscles	255-255-187-120
14918.0	foregut_muscles	255-255-187-120
15004.0	foregut_muscles	255-255-187-120
15033.0	foregut_neurons	255-23-190-207
15035.0	foregut_neurons	255-23-190-207
15061.0	foregut_muscles	255-255-187-120
15063.0	foregut_neurons	255-23-190-207
15064.0	foregut_neurons	255-23-190-207
15079.0	foregut_muscles	255-255-187-120
15084.0	foregut_muscles	255-255-187-120
15106.0	foregut_neurons	255-23-190-207
15193.0	foregut_muscles	255-255-187-120
15218.0	foregut_muscles	255-255-187-120
15234.0	foregut_muscles	255-255-187-120
15241.0	foregut_muscles	255-255-187-120
15245.0	foregut_muscles	255-255-187-120
15247.0	foregut_neurons	255-23-190-207
15260.0	foregut_neurons	255-23-190-207
15261.0	foregut_muscles	255-255-187-120
15263.0	forgut_epithelium	255-188-189-34
15264.0	foregut_muscles	255-255-187-120
15286.0	foregut_muscles	255-255-187-120
15288.0	foregut_muscles	255-255-187-120
15404.0	foregut_muscles	255-255-187-120
15406.0	foregut_muscles	255-255-187-120
15408.0	foregut_muscles	255-255-187-120
15439.0	foregut_muscles	255-255-187-120
15440.0	foregut_neurons	255-23-190-207
15442.0	foregut_muscles	255-255-187-120
15459.0	foregut_muscles	255-255-187-120
15590.0	foregut_muscles	255-255-187-120
15591.0	foregut_muscles	255-255-187-120
15593.0	foregut_muscles	255-255-187-120
15620.0	foregut_muscles	255-255-187-120
15638.0	foregut_muscles	255-255-187-120
15640.0	foregut_muscles	255-255-187-120
15641.0	foregut_muscles	255-255-187-120
15644.0	foregut_muscles	255-255-187-120
15813.0	foregut_muscles	255-255-187-120
15856.0	foregut_muscles	255-255-187-120
15871.0	foregut_muscles	255-255-187-120
15877.0	foregut_muscles	255-255-187-120
16040.0	foregut_muscles	255-255-187-120
16092.0	foregut_muscles	255-255-187-120
16095.0	foregut_muscles	255-255-187-120
16096.0	foregut_muscles	255-255-187-120
16124.0	foregut_muscles	255-255-187-120
16134.0	foregut_muscles	255-255-187-120
16344.0	foregut_muscles	255-255-187-120
16345.0	foregut_muscles	255-255-187-120
16383.0	foregut_muscles	255-255-187-120
18418.0	foregut_neurons	255-23-190-207
18683.0	foregut_neurons	255-23-190-207
19513.0	foregut_muscles	255-255-187-120
19824.0	axocord_muscles	255-214-39-40
20083.0	foregut_neurons	255-23-190-207
24307.0	axocord_muscles	255-214-39-40
25826.0	forgut_epithelium	255-188-189-34
26682.0	foregut_muscles	255-255-187-120
26700.0	forgut_epithelium	255-188-189-34
26982.0	forgut_epithelium	255-188-189-34
27186.0	forgut_epithelium	255-188-189-34
